Date,Open Price,Close Price,High Price,Low Price,Volume
03-Dec-2012,5867.06,5871.24,5902.00,5859.56,510163456
04-Dec-2012,5871.29,5869.04,5885.36,5852.88,511205824
05-Dec-2012,5869.12,5892.08,5902.66,5869.12,581358720
06-Dec-2012,5892.05,5901.42,5923.91,5889.65,632950080
07-Dec-2012,5901.61,5914.40,5923.11,5889.92,495017568
10-Dec-2012,5914.41,5921.63,5923.97,5891.33,445465280
11-Dec-2012,5921.64,5924.97,5937.93,5908.32,486149472
12-Dec-2012,5924.29,5945.85,5948.50,5915.91,558587776
13-Dec-2012,5945.83,5929.61,5947.85,5918.57,522803680
14-Dec-2012,5930.00,5921.76,5944.50,5915.34,524267520
17-Dec-2012,5921.80,5912.15,5923.92,5881.01,529879712
18-Dec-2012,5912.23,5935.90,5946.41,5911.10,659642880
19-Dec-2012,5936.20,5961.59,5977.82,5936.20,738677056
20-Dec-2012,5961.56,5958.34,5970.87,5950.07,592463424
21-Dec-2012,5958.34,5939.99,5958.34,5894.10,924047232
24-Dec-2012,5939.92,5954.18,5957.69,5937.10,149765120
27-Dec-2012,5954.22,5954.30,5997.04,5942.44,340109792
28-Dec-2012,5954.32,5925.37,5975.97,5915.32,304137120
31-Dec-2012,5925.38,5897.81,5925.43,5873.43,164605968
02-Jan-2013,5897.93,6027.37,6044.57,5897.93,650151488
03-Jan-2013,6030.15,6047.34,6051.30,6016.80,468326528
04-Jan-2013,6046.44,6089.84,6089.84,6038.02,546451712
07-Jan-2013,6089.82,6064.58,6091.50,6060.75,569879360
08-Jan-2013,6064.49,6053.63,6088.18,6053.63,660684224
09-Jan-2013,6053.68,6098.65,6112.27,6053.66,792486720
10-Jan-2013,6098.65,6101.51,6118.30,6090.61,754401792
11-Jan-2013,6101.53,6121.58,6121.58,6095.07,680492608
14-Jan-2013,6121.53,6107.86,6134.17,6104.90,625043712
15-Jan-2013,6107.88,6117.31,6117.31,6086.21,696303168
16-Jan-2013,6117.33,6103.98,6117.33,6076.12,809334400
17-Jan-2013,6103.93,6132.36,6135.89,6087.49,615133824
18-Jan-2013,6131.93,6154.41,6172.49,6131.93,705365120
21-Jan-2013,6154.52,6180.98,6182.23,6154.52,399699392
22-Jan-2013,6180.86,6179.17,6188.58,6149.18,549775808
23-Jan-2013,6179.15,6197.64,6200.49,6178.47,664394304
24-Jan-2013,6197.51,6264.91,6271.40,6186.48,648419072
25-Jan-2013,6264.89,6284.45,6284.45,6247.33,581904256
28-Jan-2013,6284.63,6294.41,6311.26,6277.04,530782368
29-Jan-2013,6294.38,6339.19,6346.37,6285.77,637972992
30-Jan-2013,6339.15,6323.11,6354.46,6316.29,688937600
31-Jan-2013,6322.40,6276.88,6322.57,6276.88,805624000
01-Feb-2013,6276.91,6347.24,6353.95,6275.50,682761728
04-Feb-2013,6347.26,6246.84,6347.26,6236.66,662639936
05-Feb-2013,6246.92,6282.76,6296.47,6244.07,605489856
06-Feb-2013,6282.78,6295.34,6321.45,6265.55,667355328
07-Feb-2013,6295.27,6228.42,6313.00,6216.72,701539200
08-Feb-2013,6228.50,6263.93,6278.07,6228.50,569630656
11-Feb-2013,6263.95,6277.06,6294.81,6252.31,425722464
12-Feb-2013,6277.10,6338.38,6338.38,6259.82,773716864
13-Feb-2013,6338.29,6359.11,6384.70,6311.59,714128512
14-Feb-2013,6359.35,6327.36,6364.72,6302.00,675849920
15-Feb-2013,6326.93,6328.26,6352.20,6309.78,599485888
18-Feb-2013,6327.97,6318.19,6330.17,6306.83,329958880
19-Feb-2013,6318.43,6379.07,6385.14,6304.40,645041472
20-Feb-2013,6379.06,6395.37,6412.44,6368.20,737760960
21-Feb-2013,6395.31,6291.54,6395.31,6277.96,710308096
22-Feb-2013,6291.49,6335.70,6347.25,6291.49,594965376
25-Feb-2013,6335.57,6355.37,6390.09,6323.98,710848960
26-Feb-2013,6355.17,6270.44,6355.17,6258.62,731735872
27-Feb-2013,6270.46,6325.88,6335.90,6269.26,679879360
28-Feb-2013,6325.94,6360.81,6372.00,6325.94,880796096
01-Mar-2013,6360.61,6378.60,6391.67,6308.56,1024871104
04-Mar-2013,6379.27,6345.63,6379.29,6333.17,699102336
05-Mar-2013,6345.72,6431.95,6437.34,6344.78,672489984
06-Mar-2013,6432.32,6427.64,6460.96,6418.72,983159488
07-Mar-2013,6427.56,6439.16,6459.68,6427.31,887003136
08-Mar-2013,6439.20,6483.58,6489.54,6439.20,766597760
11-Mar-2013,6483.69,6503.63,6505.30,6473.56,601778112
12-Mar-2013,6503.48,6510.62,6533.99,6491.75,613689344
13-Mar-2013,6510.60,6481.50,6510.60,6437.61,660479232
14-Mar-2013,6481.50,6529.41,6532.57,6478.54,776475456
15-Mar-2013,6529.49,6489.65,6533.78,6470.10,1258266752
18-Mar-2013,6488.71,6457.92,6488.73,6386.17,746086848
19-Mar-2013,6457.94,6441.32,6474.57,6414.45,676979520
20-Mar-2013,6441.28,6432.70,6475.61,6421.29,675189824
21-Mar-2013,6433.11,6388.55,6435.59,6364.00,634223872
22-Mar-2013,6388.48,6392.76,6426.45,6374.51,730398848
25-Mar-2013,6395.00,6378.38,6458.53,6366.62,754137536
26-Mar-2013,6378.71,6399.37,6404.52,6369.58,635842240
27-Mar-2013,6399.33,6387.56,6420.90,6344.19,752545024
28-Mar-2013,6387.54,6411.74,6447.86,6381.99,728681792
02-Apr-2013,6411.82,6490.66,6501.78,6408.84,825017920
03-Apr-2013,6490.71,6420.28,6491.84,6416.67,674061440
04-Apr-2013,6420.51,6344.12,6426.37,6341.43,676652096
05-Apr-2013,6344.18,6249.78,6346.82,6214.36,665515072
08-Apr-2013,6249.89,6276.94,6289.59,6249.89,515413344
09-Apr-2013,6276.96,6313.21,6326.54,6276.96,551956288
10-Apr-2013,6313.47,6387.37,6405.20,6313.20,667139264
11-Apr-2013,6387.30,6416.14,6423.56,6377.54,546596416
12-Apr-2013,6415.63,6384.39,6416.14,6368.20,512385024
15-Apr-2013,6384.42,6343.60,6384.42,6300.12,573035328
16-Apr-2013,6343.43,6304.58,6343.43,6297.53,588099584
17-Apr-2013,6304.53,6244.21,6334.44,6225.16,681253440
18-Apr-2013,6244.66,6243.67,6277.79,6225.86,652899328
19-Apr-2013,6243.67,6286.59,6288.70,6243.67,661144448
22-Apr-2013,6286.63,6280.62,6341.98,6258.98,581830912
23-Apr-2013,6280.60,6406.12,6406.14,6278.48,711770176
24-Apr-2013,6406.17,6431.76,6438.93,6396.19,729405952
25-Apr-2013,6431.75,6442.59,6467.11,6411.94,701319104
26-Apr-2013,6442.43,6426.42,6442.43,6399.37,491999936
29-Apr-2013,6426.41,6458.02,6458.02,6419.27,561739072
30-Apr-2013,6458.00,6430.12,6483.08,6412.69,1051117312
01-May-2013,6430.34,6451.29,6475.87,6429.80,389437312
02-May-2013,6452.16,6460.71,6470.34,6409.81,714309696
03-May-2013,6460.53,6521.46,6541.69,6451.50,744115520
07-May-2013,6521.84,6557.30,6563.90,6521.43,791058240
08-May-2013,6557.16,6583.48,6587.39,6547.00,651172096
09-May-2013,6583.94,6592.74,6597.26,6571.73,706818688
10-May-2013,6592.71,6624.98,6637.84,6591.58,741352384
13-May-2013,6624.85,6631.76,6633.26,6602.82,555374272
14-May-2013,6631.85,6686.06,6686.06,6618.36,585694336
15-May-2013,6685.71,6693.55,6701.68,6669.04,670975552
16-May-2013,6693.52,6687.80,6714.48,6677.15,699207552
17-May-2013,6687.77,6723.06,6726.90,6669.93,826544384
20-May-2013,6723.19,6755.63,6755.63,6709.14,661064896
21-May-2013,6755.63,6803.87,6803.87,6744.20,720714176
22-May-2013,6804.18,6840.27,6875.62,6781.45,826970432
23-May-2013,6839.96,6696.79,6839.96,6658.77,865880064
24-May-2013,6697.05,6654.34,6720.08,6640.08,569707904
28-May-2013,6655.15,6762.01,6790.70,6655.15,640126144
29-May-2013,6761.70,6627.17,6761.72,6620.82,592606400
30-May-2013,6626.66,6656.99,6656.99,6611.03,569304704
31-May-2013,6656.90,6583.09,6657.07,6577.75,1134423040
03-Jun-2013,6582.29,6525.12,6582.39,6514.08,769271808
04-Jun-2013,6525.16,6558.58,6577.00,6525.16,475466240
05-Jun-2013,6558.52,6419.31,6558.52,6419.31,661430720
06-Jun-2013,6419.33,6336.11,6435.39,6336.11,676900672
07-Jun-2013,6336.13,6411.99,6421.37,6313.60,725967104
10-Jun-2013,6411.68,6400.45,6421.24,6379.62,576011072
11-Jun-2013,6400.75,6340.08,6401.18,6280.08,727668864
12-Jun-2013,6339.93,6299.45,6364.26,6295.92,658075392
13-Jun-2013,6299.16,6304.63,6310.95,6205.71,785815040
14-Jun-2013,6304.68,6308.26,6343.51,6290.62,726451584
17-Jun-2013,6309.53,6330.49,6370.75,6309.41,570247104
18-Jun-2013,6330.45,6374.21,6397.33,6311.35,599620672
19-Jun-2013,6374.11,6348.82,6383.61,6327.01,694780032
20-Jun-2013,6348.66,6159.51,6348.66,6144.98,866962176
21-Jun-2013,6159.52,6116.17,6244.17,6116.17,1417213056
24-Jun-2013,6116.03,6029.10,6136.11,6023.44,726420224
25-Jun-2013,6029.17,6101.91,6114.61,6029.17,682366336
26-Jun-2013,6101.95,6165.48,6177.92,6089.21,740440448
27-Jun-2013,6165.45,6243.40,6271.80,6165.45,735913536
28-Jun-2013,6243.33,6215.47,6268.84,6207.72,899661184
01-Jul-2013,6215.47,6307.78,6317.02,6215.44,631968320
02-Jul-2013,6307.78,6303.94,6314.13,6266.50,540880640
03-Jul-2013,6303.94,6229.87,6303.94,6185.21,576862272
04-Jul-2013,6229.87,6421.67,6431.41,6229.87,730087424
05-Jul-2013,6421.67,6375.52,6498.59,6364.38,683058240
08-Jul-2013,6375.52,6450.07,6476.09,6375.52,550451712
09-Jul-2013,6450.07,6513.08,6530.86,6450.07,645287360
10-Jul-2013,6513.08,6504.96,6535.91,6472.41,591089728
11-Jul-2013,6504.96,6543.41,6585.74,6504.96,627486208
12-Jul-2013,6543.41,6544.94,6583.90,6540.24,577899392
15-Jul-2013,6544.94,6586.11,6605.90,6544.94,508332672
16-Jul-2013,6586.11,6556.35,6606.42,6556.35,652938816
17-Jul-2013,6556.35,6571.93,6595.62,6517.38,634099264
18-Jul-2013,6571.93,6634.36,6657.38,6555.82,595664704
19-Jul-2013,6634.36,6630.67,6635.22,6592.10,687327488
22-Jul-2013,6630.67,6623.17,6645.01,6608.17,430263808
23-Jul-2013,6623.17,6597.44,6657.66,6597.44,578085888
24-Jul-2013,6597.44,6620.43,6662.19,6581.61,564700032
25-Jul-2013,6620.43,6587.95,6625.35,6540.42,486181120
26-Jul-2013,6587.95,6554.79,6629.89,6535.18,417851520
29-Jul-2013,6554.79,6560.25,6606.36,6544.14,470313152
30-Jul-2013,6560.25,6570.95,6600.72,6560.25,688955392
31-Jul-2013,6570.95,6621.06,6659.35,6556.65,640163712
01-Aug-2013,6621.06,6681.98,6681.98,6607.27,954611456
02-Aug-2013,6681.98,6647.87,6696.63,6623.85,626958400
05-Aug-2013,6647.87,6619.58,6684.95,6590.10,589505344
06-Aug-2013,6619.58,6604.21,6630.14,6562.32,628298304
07-Aug-2013,6604.21,6511.21,6624.99,6511.21,624139712
08-Aug-2013,6511.21,6529.68,6558.59,6507.24,535835328
09-Aug-2013,6529.68,6583.39,6601.21,6529.48,615169536
12-Aug-2013,6583.39,6574.34,6598.39,6547.00,460246688
13-Aug-2013,6574.34,6611.94,6620.43,6568.44,537940800
14-Aug-2013,6611.94,6587.43,6627.96,6582.58,602573696
15-Aug-2013,6587.43,6483.34,6587.88,6460.12,632435776
16-Aug-2013,6483.34,6499.99,6502.27,6461.30,615527424
19-Aug-2013,6499.99,6465.73,6506.59,6457.73,438386816
20-Aug-2013,6465.73,6453.46,6465.73,6398.63,604884416
21-Aug-2013,6453.46,6390.84,6453.55,6386.72,570917312
22-Aug-2013,6390.84,6446.87,6468.88,6390.62,487800000
23-Aug-2013,6446.87,6492.10,6516.71,6422.35,475411456
27-Aug-2013,6492.10,6440.97,6494.20,6424.00,686885248
28-Aug-2013,6440.97,6430.06,6440.97,6393.65,696986944
29-Aug-2013,6430.06,6483.05,6500.51,6429.95,860943616
30-Aug-2013,6483.05,6412.93,6502.19,6409.60,758355840
02-Sep-2013,6412.93,6506.19,6532.30,6412.93,541175424
03-Sep-2013,6506.19,6468.41,6523.16,6456.95,727235456
04-Sep-2013,6468.41,6474.74,6486.40,6423.51,644177792
05-Sep-2013,6474.74,6532.44,6543.22,6461.68,697821376
06-Sep-2013,6532.44,6547.33,6568.18,6492.49,567496576
09-Sep-2013,6547.33,6530.74,6555.86,6508.76,563722624
10-Sep-2013,6530.74,6583.99,6599.51,6530.74,697344000
11-Sep-2013,6583.99,6588.43,6589.85,6559.72,672899456
12-Sep-2013,6588.43,6588.98,6606.12,6558.61,594425600
13-Sep-2013,6588.98,6583.80,6588.98,6561.78,483740224
16-Sep-2013,6583.80,6622.86,6652.66,6583.80,552824576
17-Sep-2013,6622.86,6570.17,6623.04,6570.17,1141151616
18-Sep-2013,6570.17,6558.82,6587.58,6532.50,691202624
19-Sep-2013,6558.82,6625.39,6659.12,6558.82,760780992
20-Sep-2013,6625.39,6596.43,6629.93,6594.17,1491614592
23-Sep-2013,6596.43,6557.37,6601.53,6542.67,588785216
24-Sep-2013,6557.37,6571.46,6585.40,6549.92,635258048
25-Sep-2013,6571.46,6551.53,6587.97,6526.42,787510720
26-Sep-2013,6551.53,6565.59,6580.94,6535.78,543359040
27-Sep-2013,6565.59,6512.66,6568.94,6487.30,540388032
30-Sep-2013,6512.66,6462.22,6512.66,6438.72,644276864
01-Oct-2013,6462.22,6460.01,6466.30,6424.37,592063168
02-Oct-2013,6460.01,6437.50,6460.01,6386.18,567415424
03-Oct-2013,6437.50,6449.04,6472.43,6436.21,598212928
04-Oct-2013,6449.04,6453.88,6473.58,6428.96,509149984
07-Oct-2013,6453.88,6437.28,6453.88,6391.47,472032512
08-Oct-2013,6437.28,6365.83,6437.73,6364.97,605251008
09-Oct-2013,6365.83,6337.91,6372.63,6316.91,581865856
10-Oct-2013,6337.91,6430.49,6446.22,6337.91,583126336
11-Oct-2013,6430.49,6487.19,6489.16,6430.47,526227232
14-Oct-2013,6467.37,6507.65,6507.80,6464.44,432853280
15-Oct-2013,6507.65,6549.11,6569.28,6507.65,562436032
16-Oct-2013,6549.11,6571.59,6584.39,6504.27,582748352
17-Oct-2013,6571.59,6576.16,6576.16,6529.16,605072128
18-Oct-2013,6576.16,6622.58,6622.70,6576.16,704888896
21-Oct-2013,6622.58,6654.20,6654.20,6617.81,467078944
22-Oct-2013,6654.20,6695.66,6719.27,6653.70,571206208
23-Oct-2013,6695.66,6674.48,6695.92,6655.20,630616064
24-Oct-2013,6674.48,6713.18,6719.25,6674.16,590050560
25-Oct-2013,6713.18,6721.34,6729.74,6700.37,561828160
28-Oct-2013,6721.34,6725.82,6739.66,6704.15,586108992
29-Oct-2013,6725.82,6774.73,6777.16,6718.85,773654656
30-Oct-2013,6774.73,6777.70,6819.86,6763.66,648574528
31-Oct-2013,6777.70,6731.43,6778.27,6719.51,734231168
01-Nov-2013,6731.43,6734.74,6760.87,6715.30,669495424
04-Nov-2013,6734.74,6763.62,6780.11,6734.56,501699744
05-Nov-2013,6763.62,6746.84,6773.86,6708.52,718615872
06-Nov-2013,6746.84,6741.69,6768.16,6735.64,626808960
07-Nov-2013,6741.69,6697.22,6779.18,6679.99,636655296
08-Nov-2013,6697.22,6708.42,6713.90,6643.86,589977408
11-Nov-2013,6708.42,6728.37,6744.77,6702.01,624370368
12-Nov-2013,6728.37,6726.79,6728.37,6693.26,583231808
13-Nov-2013,6726.79,6630.00,6726.81,6613.98,695023424
14-Nov-2013,6630.00,6666.13,6696.16,6630.00,615308864
15-Nov-2013,6666.13,6693.44,6703.12,6665.45,579947456
18-Nov-2013,6693.44,6723.46,6732.10,6671.63,503386208
19-Nov-2013,6723.46,6698.01,6723.46,6677.85,498969312
20-Nov-2013,6698.01,6681.08,6711.42,6661.70,553127488
21-Nov-2013,6681.08,6681.33,6697.69,6643.47,481377792
22-Nov-2013,6681.33,6674.30,6711.03,6661.04,494888384
25-Nov-2013,6674.30,6694.62,6709.08,6674.30,454214080
26-Nov-2013,6694.62,6636.22,6696.95,6636.22,822950528
27-Nov-2013,6636.22,6649.47,6664.14,6635.71,600783232
28-Nov-2013,6649.47,6654.47,6679.51,6642.57,459217024
29-Nov-2013,6654.47,6650.57,6681.57,6648.53,532437600
02-Dec-2013,6650.57,6595.33,6657.41,6595.20,550660416
03-Dec-2013,6595.33,6532.43,6595.48,6531.34,682695424
04-Dec-2013,6532.43,6509.97,6544.70,6479.73,775556224
05-Dec-2013,6509.97,6498.33,6518.88,6487.15,554025088
06-Dec-2013,6498.33,6551.99,6555.73,6496.33,556843648
09-Dec-2013,6551.99,6559.48,6568.44,6534.74,503682144
10-Dec-2013,6559.48,6523.31,6571.91,6519.00,551026304
11-Dec-2013,6523.31,6507.72,6555.57,6507.72,521077440
12-Dec-2013,6507.72,6445.25,6507.72,6435.99,660172736
13-Dec-2013,6445.25,6439.96,6462.76,6433.51,670891456
16-Dec-2013,6439.96,6522.20,6531.16,6422.23,588865408
17-Dec-2013,6522.20,6486.19,6522.20,6482.59,580607936
18-Dec-2013,6486.19,6492.08,6524.46,6486.19,527437472
19-Dec-2013,6492.08,6584.70,6584.70,6492.08,644188672
20-Dec-2013,6584.70,6606.58,6616.80,6576.79,1058939264
23-Dec-2013,6606.58,6678.61,6678.61,6606.20,349687328
24-Dec-2013,6678.61,6694.17,6712.10,6672.22,101282232
27-Dec-2013,6694.17,6750.87,6754.11,6694.17,289989952
30-Dec-2013,6750.87,6731.27,6768.44,6718.16,293762432
31-Dec-2013,6731.27,6749.09,6756.98,6731.25,153321584
02-Jan-2014,6749.09,6717.91,6759.37,6707.48,459191136
03-Jan-2014,6717.91,6730.67,6747.33,6699.27,373271072
06-Jan-2014,6730.67,6730.73,6751.98,6714.64,523001344
07-Jan-2014,6730.73,6755.45,6768.89,6718.07,668479744
08-Jan-2014,6755.45,6721.78,6755.53,6713.39,686850496
09-Jan-2014,6721.78,6691.34,6746.41,6679.31,778522048
10-Jan-2014,6691.34,6739.94,6769.94,6691.34,804286528
13-Jan-2014,6739.94,6757.15,6765.60,6730.97,601283520
14-Jan-2014,6757.15,6766.86,6772.63,6694.08,555282688
15-Jan-2014,6766.86,6819.86,6825.20,6766.86,700581504
16-Jan-2014,6819.86,6815.42,6831.74,6811.16,703550784
17-Jan-2014,6815.42,6829.30,6840.50,6800.00,928629632
20-Jan-2014,6829.30,6836.73,6837.53,6810.62,422920384
21-Jan-2014,6836.73,6834.26,6867.42,6822.31,592643904
22-Jan-2014,6834.26,6826.33,6864.87,6821.80,543110848
23-Jan-2014,6826.33,6773.28,6837.21,6760.63,665652032
24-Jan-2014,6773.28,6663.74,6784.42,6654.86,838442048
27-Jan-2014,6663.74,6550.66,6665.39,6539.33,980262336
28-Jan-2014,6550.66,6572.33,6590.66,6550.65,664868992
29-Jan-2014,6572.33,6544.28,6645.23,6482.74,978211904
30-Jan-2014,6544.28,6538.45,6573.92,6503.25,720148480
31-Jan-2014,6538.45,6510.44,6548.46,6421.26,751294720
03-Feb-2014,6510.44,6465.66,6538.30,6459.95,778824320
04-Feb-2014,6465.66,6449.27,6478.16,6416.72,920201472
05-Feb-2014,6449.27,6457.89,6483.73,6423.79,769486592
06-Feb-2014,6457.89,6558.28,6566.01,6457.89,806434560
07-Feb-2014,6558.28,6571.68,6596.28,6540.81,704101504
10-Feb-2014,6571.68,6591.55,6597.00,6565.30,591752640
11-Feb-2014,6591.55,6672.66,6672.66,6591.55,924690432
12-Feb-2014,6672.66,6675.03,6708.17,6669.06,777053568
13-Feb-2014,6675.03,6659.42,6675.24,6608.09,1106337408
14-Feb-2014,6659.42,6663.62,6672.21,6646.47,807944256
17-Feb-2014,6663.62,6736.00,6745.63,6661.47,621072512
18-Feb-2014,6736.00,6796.43,6802.89,6716.64,821656448
19-Feb-2014,6796.43,6796.71,6810.48,6759.86,727430208
20-Feb-2014,6796.71,6812.99,6812.99,6732.03,740171200
21-Feb-2014,6812.99,6838.06,6859.91,6812.99,1009441536
24-Feb-2014,6838.06,6865.86,6865.86,6797.83,1047177344
25-Feb-2014,6865.86,6830.50,6866.35,6790.93,1133211392
26-Feb-2014,6830.50,6799.15,6834.09,6785.28,715177152
27-Feb-2014,6799.15,6810.27,6819.24,6733.54,833052736
28-Feb-2014,6810.27,6809.70,6833.82,6785.54,898398464
03-Mar-2014,6809.70,6708.35,6809.70,6671.89,823082816
04-Mar-2014,6708.35,6823.77,6827.22,6708.35,722100416
05-Mar-2014,6823.77,6775.42,6824.16,6771.50,620369344
06-Mar-2014,6775.42,6788.49,6806.62,6770.95,649008192
07-Mar-2014,6788.49,6712.67,6800.66,6706.38,789976000
10-Mar-2014,6712.67,6689.45,6757.00,6671.62,816725120
11-Mar-2014,6689.45,6685.52,6718.30,6660.59,864613696
12-Mar-2014,6685.52,6620.90,6685.52,6598.36,820675648
13-Mar-2014,6620.90,6553.78,6631.38,6552.46,881932928
14-Mar-2014,6553.78,6527.89,6553.78,6500.37,844621568
17-Mar-2014,6527.89,6568.35,6592.37,6527.87,688564544
18-Mar-2014,6568.35,6605.28,6628.20,6534.86,698312832
19-Mar-2014,6605.28,6573.13,6609.46,6566.85,972762944
20-Mar-2014,6573.13,6542.44,6573.13,6492.62,792455488
21-Mar-2014,6542.44,6557.17,6572.09,6537.89,1475632128
24-Mar-2014,6557.17,6520.39,6568.96,6506.42,747379264
25-Mar-2014,6520.39,6604.89,6604.89,6520.39,668563584
26-Mar-2014,6604.89,6605.30,6643.58,6601.78,1417704064
27-Mar-2014,6605.30,6588.32,6605.30,6561.39,846046208
28-Mar-2014,6588.32,6615.58,6631.48,6585.73,998639488
31-Mar-2014,6615.58,6598.37,6658.40,6583.09,862896640
01-Apr-2014,6598.37,6652.61,6660.27,6598.37,841738304
02-Apr-2014,6652.61,6659.04,6672.73,6639.63,962188672
03-Apr-2014,6659.04,6649.14,6680.78,6638.52,659185856
04-Apr-2014,6649.14,6695.55,6706.34,6649.14,861428864
07-Apr-2014,6695.55,6622.84,6695.55,6614.73,659008128
08-Apr-2014,6622.84,6590.69,6625.19,6549.75,1048744896
09-Apr-2014,6590.69,6635.61,6654.05,6590.41,679116160
10-Apr-2014,6635.61,6641.97,6688.28,6620.39,660370240
11-Apr-2014,6641.97,6561.70,6641.97,6538.75,813454464
14-Apr-2014,6561.70,6583.76,6583.76,6507.08,866919616
15-Apr-2014,6583.76,6541.61,6594.24,6534.20,787551744
16-Apr-2014,6541.61,6584.17,6596.99,6541.61,677028608
17-Apr-2014,6584.17,6625.25,6627.25,6559.35,748384064
22-Apr-2014,6625.25,6681.76,6706.19,6625.25,717854272
23-Apr-2014,6681.76,6674.74,6694.82,6661.42,628391360
24-Apr-2014,6674.74,6703.00,6724.58,6667.65,613793344
25-Apr-2014,6703.00,6685.69,6704.37,6657.30,558843072
28-Apr-2014,6685.69,6700.16,6720.33,6682.90,583114176
29-Apr-2014,6700.16,6769.91,6769.91,6700.10,658686720
30-Apr-2014,6769.91,6780.03,6794.88,6748.76,763879488
01-May-2014,6780.03,6808.87,6811.64,6773.69,635269440
02-May-2014,6808.87,6822.42,6838.17,6798.61,728494528
06-May-2014,6822.42,6798.56,6828.62,6785.32,727923712
07-May-2014,6798.56,6796.44,6799.34,6766.84,725687104
08-May-2014,6796.44,6839.25,6840.37,6796.44,811839552
09-May-2014,6839.25,6814.57,6839.42,6805.39,606466880
12-May-2014,6814.57,6851.75,6851.75,6814.57,557412480
13-May-2014,6851.75,6873.08,6877.39,6845.95,620644992
14-May-2014,6873.08,6878.49,6880.07,6854.02,523756224
15-May-2014,6878.49,6840.89,6894.88,6821.66,890326144
16-May-2014,6840.89,6855.81,6855.94,6813.50,976323840
19-May-2014,6855.81,6844.55,6862.20,6804.31,673120768
20-May-2014,6844.55,6802.00,6848.36,6792.51,677865728
21-May-2014,6802.00,6821.04,6821.04,6782.80,669813440
22-May-2014,6821.04,6820.56,6846.57,6810.19,542271168
23-May-2014,6820.56,6815.75,6825.53,6793.47,483463168
27-May-2014,6815.75,6844.94,6857.10,6815.37,582897664
28-May-2014,6844.94,6851.22,6855.83,6833.61,564512256
29-May-2014,6851.22,6871.29,6882.14,6848.06,394967488
30-May-2014,6871.29,6844.51,6874.33,6831.99,1164551552
02-Jun-2014,6844.51,6864.10,6874.38,6844.51,464262720
03-Jun-2014,6864.10,6836.30,6865.38,6817.96,492103072
04-Jun-2014,6836.30,6818.63,6840.60,6800.10,557748352
05-Jun-2014,6818.63,6813.49,6847.00,6795.27,615846848
06-Jun-2014,6813.49,6858.21,6862.91,6813.49,741278976
09-Jun-2014,6858.21,6875.00,6878.96,6857.70,379577568
10-Jun-2014,6875.00,6873.55,6875.24,6835.80,532278912
11-Jun-2014,6873.55,6838.87,6873.55,6825.24,666307008
12-Jun-2014,6838.87,6843.11,6853.18,6827.03,524709280
13-Jun-2014,6843.11,6777.85,6843.11,6758.15,625834688
16-Jun-2014,6777.85,6754.64,6779.40,6748.04,573574528
17-Jun-2014,6754.64,6766.77,6774.87,6736.11,572510976
18-Jun-2014,6766.77,6778.56,6799.59,6766.77,509302336
19-Jun-2014,6778.56,6808.11,6837.57,6778.56,563395136
20-Jun-2014,6808.11,6825.20,6840.62,6791.20,1016888960
23-Jun-2014,6825.20,6800.56,6829.76,6785.83,469144160
24-Jun-2014,6800.56,6787.07,6824.45,6776.80,571484544
25-Jun-2014,6787.07,6733.62,6787.07,6716.35,586910336
26-Jun-2014,6733.62,6735.12,6753.25,6701.59,902551360
27-Jun-2014,6735.12,6757.77,6767.63,6735.12,516986880
30-Jun-2014,6757.77,6743.94,6777.11,6730.45,614336448
01-Jul-2014,6743.94,6802.92,6805.90,6743.94,513045120
02-Jul-2014,6802.92,6816.37,6829.49,6796.61,479497952
03-Jul-2014,6816.37,6865.21,6866.56,6815.45,523958656
04-Jul-2014,6865.21,6866.05,6875.31,6856.35,329363552
07-Jul-2014,6866.05,6823.51,6866.37,6817.60,387937728
08-Jul-2014,6823.51,6738.45,6831.02,6738.45,660175232
09-Jul-2014,6738.45,6718.04,6740.82,6692.77,600885248
10-Jul-2014,6718.04,6672.37,6724.80,6643.62,764873472
11-Jul-2014,6672.37,6690.17,6696.10,6663.67,529996672
14-Jul-2014,6690.17,6746.14,6760.73,6690.17,468494688
15-Jul-2014,6746.14,6710.45,6764.00,6709.15,604327680
16-Jul-2014,6710.45,6784.67,6792.55,6710.45,610714432
17-Jul-2014,6784.67,6738.32,6784.67,6727.71,631292736
18-Jul-2014,6738.32,6749.45,6749.89,6690.90,584832064
21-Jul-2014,6749.45,6728.44,6753.42,6715.78,470501856
22-Jul-2014,6728.44,6795.34,6801.84,6728.44,537779520
23-Jul-2014,6795.34,6798.15,6822.65,6773.11,588953600
24-Jul-2014,6798.15,6821.46,6821.46,6767.33,541591296
25-Jul-2014,6821.46,6791.55,6830.77,6780.65,661619968
28-Jul-2014,6791.55,6788.07,6809.61,6761.77,528416416
29-Jul-2014,6788.07,6807.75,6833.67,6784.04,526963040
30-Jul-2014,6807.75,6773.44,6815.29,6758.24,692780416
31-Jul-2014,6773.44,6730.11,6797.09,6716.29,919565440
01-Aug-2014,6730.11,6679.18,6730.11,6624.72,690905472
04-Aug-2014,6679.18,6677.52,6715.56,6669.93,522832704
05-Aug-2014,6677.52,6682.48,6713.52,6671.46,512852256
06-Aug-2014,6682.48,6636.16,6682.48,6588.43,803798848
07-Aug-2014,6636.16,6597.37,6649.05,6589.78,565630080
08-Aug-2014,6597.37,6567.36,6597.37,6528.73,645423424
11-Aug-2014,6567.36,6632.82,6645.83,6567.36,494367008
12-Aug-2014,6632.82,6632.42,6643.70,6612.52,448281792
13-Aug-2014,6632.42,6656.68,6664.34,6625.98,527563552
14-Aug-2014,6656.68,6685.26,6694.64,6641.81,512629248
15-Aug-2014,6685.26,6689.08,6742.82,6685.25,545266432
18-Aug-2014,6689.08,6741.25,6745.72,6689.08,413053440
19-Aug-2014,6741.25,6779.31,6782.90,6740.65,459659904
20-Aug-2014,6779.31,6755.48,6781.23,6739.76,466210976
21-Aug-2014,6755.48,6777.66,6780.73,6752.70,423431040
22-Aug-2014,6777.66,6775.25,6784.63,6746.37,571522624
26-Aug-2014,6775.25,6822.76,6827.32,6775.25,538317696
27-Aug-2014,6822.76,6830.66,6830.66,6813.24,481233280
28-Aug-2014,6830.66,6805.80,6831.19,6796.86,498070080
29-Aug-2014,6805.80,6819.75,6828.92,6782.63,720978560
01-Sep-2014,6819.75,6825.31,6825.31,6798.33,403409024
02-Sep-2014,6825.31,6829.17,6849.28,6812.31,820231424
03-Sep-2014,6829.17,6873.58,6898.62,6826.73,674899712
04-Sep-2014,6873.58,6877.97,6904.86,6866.25,688898752
05-Sep-2014,6877.97,6855.10,6884.96,6829.10,596549824
08-Sep-2014,6855.10,6834.77,6855.10,6773.78,752266496
09-Sep-2014,6834.77,6829.00,6846.18,6812.50,578227456
10-Sep-2014,6829.00,6830.11,6847.79,6800.04,585612160
11-Sep-2014,6830.11,6799.62,6857.54,6764.86,648015488
12-Sep-2014,6799.62,6806.96,6832.16,6799.39,552974784
15-Sep-2014,6806.96,6804.21,6813.87,6771.69,529231776
16-Sep-2014,6804.21,6792.24,6804.34,6748.09,592887680
17-Sep-2014,6792.24,6780.90,6816.89,6780.90,596026688
18-Sep-2014,6780.90,6819.29,6822.60,6769.58,644480384
19-Sep-2014,6819.29,6837.92,6876.00,6819.29,1541957504
22-Sep-2014,6837.92,6773.63,6838.35,6766.89,673944768
23-Sep-2014,6773.63,6676.08,6777.27,6647.21,762690816
24-Sep-2014,6676.08,6706.27,6707.26,6651.98,793646016
25-Sep-2014,6706.27,6639.71,6726.40,6621.48,927460288
26-Sep-2014,6639.71,6649.39,6664.00,6615.12,588721472
29-Sep-2014,6649.39,6646.60,6653.94,6608.66,564786560
30-Sep-2014,6646.60,6622.72,6658.91,6601.62,882273920
01-Oct-2014,6622.72,6557.52,6622.81,6539.73,789707264
02-Oct-2014,6557.52,6446.39,6557.67,6446.39,805719360
03-Oct-2014,6446.39,6527.91,6542.87,6446.39,750613056
06-Oct-2014,6527.91,6563.65,6588.31,6527.91,722222976
07-Oct-2014,6563.65,6495.58,6563.84,6495.58,858000704
08-Oct-2014,6495.58,6482.24,6502.36,6453.81,822967232
09-Oct-2014,6482.24,6431.85,6544.21,6425.16,864388992
10-Oct-2014,6431.85,6339.97,6431.85,6328.39,893108416
13-Oct-2014,6339.97,6366.24,6387.36,6294.64,846365376
14-Oct-2014,6366.24,6392.68,6403.43,6304.27,830848064
15-Oct-2014,6392.68,6211.64,6404.96,6211.64,1137327104
16-Oct-2014,6211.64,6195.91,6282.95,6072.68,1697042432
17-Oct-2014,6195.91,6310.29,6312.97,6188.04,1105815168
20-Oct-2014,6310.29,6267.07,6320.31,6238.60,723302912
21-Oct-2014,6267.07,6372.33,6372.33,6229.40,855935616
22-Oct-2014,6372.33,6399.73,6401.51,6341.39,725613504
23-Oct-2014,6399.73,6419.15,6430.32,6313.32,839507072
24-Oct-2014,6419.15,6388.73,6419.15,6372.43,717807872
27-Oct-2014,6388.73,6363.46,6443.76,6336.06,779987520
28-Oct-2014,6363.46,6402.17,6412.00,6363.46,800681472
29-Oct-2014,6402.17,6453.87,6475.35,6402.17,700842880
30-Oct-2014,6453.87,6463.55,6483.24,6378.15,815851648
31-Oct-2014,6463.55,6546.47,6553.37,6463.55,1062589696
03-Nov-2014,6546.47,6487.97,6559.56,6478.49,711775296
04-Nov-2014,6487.97,6453.97,6510.31,6444.89,816651648
05-Nov-2014,6453.97,6539.14,6539.14,6453.97,769204032
06-Nov-2014,6539.14,6551.15,6580.21,6503.81,799914944
07-Nov-2014,6551.15,6567.24,6608.23,6551.15,764955072
10-Nov-2014,6567.24,6611.25,6611.25,6566.78,575418368
11-Nov-2014,6611.25,6627.40,6632.57,6605.34,764945536
12-Nov-2014,6627.40,6611.04,6629.33,6588.93,702769472
13-Nov-2014,6611.04,6635.45,6645.90,6596.89,721388672
14-Nov-2014,6635.45,6654.37,6654.37,6610.13,627535040
17-Nov-2014,6654.37,6671.97,6681.55,6616.12,537265344
18-Nov-2014,6671.97,6709.13,6714.12,6671.75,653233792
19-Nov-2014,6709.13,6696.60,6718.88,6678.13,802689152
20-Nov-2014,6696.60,6678.90,6696.82,6641.14,640496576
21-Nov-2014,6678.90,6750.76,6773.14,6678.90,845568256
24-Nov-2014,6750.76,6729.79,6763.97,6720.09,675406592
25-Nov-2014,6729.79,6731.14,6750.87,6709.31,907288192
26-Nov-2014,6731.14,6729.17,6765.01,6718.53,586840512
27-Nov-2014,6729.17,6723.42,6749.91,6713.76,517208416
28-Nov-2014,6723.42,6722.62,6734.71,6667.08,839272512
01-Dec-2014,6722.62,6656.37,6722.62,6637.39,726573120
02-Dec-2014,6656.37,6742.10,6744.31,6656.37,654954304
03-Dec-2014,6742.10,6716.63,6753.19,6713.81,706053056
04-Dec-2014,6716.63,6679.37,6733.96,6672.67,699897792
05-Dec-2014,6679.37,6742.84,6751.32,6679.37,678446336
08-Dec-2014,6742.84,6672.15,6742.84,6672.15,513903808
09-Dec-2014,6672.15,6529.47,6672.15,6529.47,950807552
10-Dec-2014,6529.47,6500.04,6565.77,6500.04,690931840
11-Dec-2014,6500.04,6461.70,6521.66,6441.28,757393088
12-Dec-2014,6461.70,6300.63,6461.70,6297.44,793966464
15-Dec-2014,6300.63,6182.72,6356.34,6182.72,985776000
16-Dec-2014,6182.72,6331.83,6331.83,6144.72,1037451328
17-Dec-2014,6331.83,6336.48,6359.68,6240.32,748002240
18-Dec-2014,6336.48,6466.00,6466.00,6336.48,973926336
19-Dec-2014,6466.00,6545.27,6566.90,6466.00,1178715648
22-Dec-2014,6545.27,6576.74,6620.95,6545.27,494025728
23-Dec-2014,6576.74,6598.18,6620.47,6576.74,484260384
24-Dec-2014,6598.18,6609.93,6618.09,6586.05,261236768
29-Dec-2014,6609.93,6633.51,6651.96,6587.87,359693056
30-Dec-2014,6633.51,6547.00,6633.51,6528.89,355277568
31-Dec-2014,6547.00,6566.09,6578.24,6547.00,129278808
02-Jan-2015,6566.09,6547.80,6607.89,6510.60,378663392
05-Jan-2015,6547.80,6417.16,6576.74,6404.49,749649600
06-Jan-2015,6417.16,6366.51,6452.66,6328.59,792213376
07-Jan-2015,6366.51,6419.83,6459.74,6366.51,706482112
08-Jan-2015,6419.83,6569.96,6580.82,6419.83,905698368
09-Jan-2015,6569.96,6501.14,6570.24,6471.38,759703744
12-Jan-2015,6501.14,6501.42,6542.43,6447.91,620125312
13-Jan-2015,6501.42,6542.20,6558.83,6465.19,692489856
14-Jan-2015,6542.20,6388.46,6542.20,6353.65,999913728
15-Jan-2015,6388.46,6498.78,6498.78,6298.15,1008644608
16-Jan-2015,6498.78,6550.27,6553.20,6443.28,829957504
19-Jan-2015,6550.27,6585.53,6598.89,6548.00,554177216
20-Jan-2015,6585.53,6620.10,6640.44,6585.53,696224128
21-Jan-2015,6620.10,6728.04,6728.04,6620.10,873133888
22-Jan-2015,6728.04,6796.63,6808.18,6726.24,953537984
23-Jan-2015,6796.63,6832.83,6841.73,6796.58,861582080
26-Jan-2015,6832.83,6852.40,6855.92,6790.13,630062592
27-Jan-2015,6852.40,6811.61,6864.97,6773.54,734672768
28-Jan-2015,6811.61,6825.94,6863.00,6777.08,802863680
29-Jan-2015,6825.94,6810.60,6825.94,6750.22,725104000
30-Jan-2015,6810.60,6749.40,6843.98,6749.40,822022976
02-Feb-2015,6749.40,6782.55,6795.52,6731.99,779523008
03-Feb-2015,6782.55,6871.80,6886.31,6782.39,881147136
04-Feb-2015,6871.80,6860.02,6883.49,6804.10,833875840
05-Feb-2015,6860.02,6865.93,6870.10,6808.19,753020416
06-Feb-2015,6865.93,6853.44,6886.22,6835.48,668143232
09-Feb-2015,6853.44,6837.15,6853.44,6777.99,639424384
10-Feb-2015,6837.15,6829.12,6843.90,6788.89,794431232
11-Feb-2015,6829.12,6818.17,6838.33,6786.12,640657088
12-Feb-2015,6818.17,6828.11,6854.62,6817.23,833594688
13-Feb-2015,6828.11,6873.52,6887.57,6828.11,756494080
16-Feb-2015,6873.52,6857.05,6878.66,6851.77,427740800
17-Feb-2015,6857.05,6898.13,6898.13,6819.78,631106752
18-Feb-2015,6898.13,6898.08,6921.32,6876.30,695868352
19-Feb-2015,6898.08,6888.90,6907.30,6858.67,660710016
20-Feb-2015,6888.90,6915.20,6920.51,6884.77,785693312
23-Feb-2015,6915.20,6912.16,6943.61,6885.89,700282240
24-Feb-2015,6912.16,6949.63,6958.89,6899.59,857360768
25-Feb-2015,6949.63,6935.38,6955.41,6904.88,718033344
26-Feb-2015,6935.38,6949.73,6949.98,6920.54,806275328
27-Feb-2015,6949.73,6946.66,6967.24,6929.84,908713216
02-Mar-2015,6946.66,6940.64,6974.26,6924.33,802784576
03-Mar-2015,6940.64,6889.13,6963.55,6889.13,793281216
04-Mar-2015,6889.13,6919.24,6919.24,6862.87,764090880
05-Mar-2015,6919.24,6961.14,6968.64,6914.06,822599808
06-Mar-2015,6961.14,6911.80,6961.23,6911.80,771651520
09-Mar-2015,6911.80,6876.47,6911.80,6859.81,691318784
10-Mar-2015,6876.47,6702.84,6876.86,6702.84,914713344
11-Mar-2015,6702.84,6721.51,6738.95,6693.80,769931904
12-Mar-2015,6721.51,6761.07,6799.84,6721.51,872089792
13-Mar-2015,6761.07,6740.58,6777.77,6713.50,732044672
16-Mar-2015,6740.58,6804.08,6809.08,6740.58,706940160
17-Mar-2015,6804.08,6837.61,6846.90,6798.47,780786432
18-Mar-2015,6837.61,6945.20,6945.20,6837.26,796528576
19-Mar-2015,6945.20,6962.32,6982.79,6929.73,834200256
20-Mar-2015,6962.32,7022.51,7024.21,6960.81,1462369280
23-Mar-2015,7022.51,7037.67,7037.67,6991.43,694423936
24-Mar-2015,7037.67,7019.68,7065.08,7012.51,722191296
25-Mar-2015,7019.68,6990.97,7035.11,6983.94,665746944
26-Mar-2015,6990.97,6895.33,6990.97,6876.84,965482816
27-Mar-2015,6895.33,6855.02,6910.55,6839.88,759281728
30-Mar-2015,6855.02,6891.43,6914.60,6855.02,659074432
31-Mar-2015,6891.43,6773.04,6910.07,6765.05,928181120
01-Apr-2015,6773.04,6809.50,6856.43,6765.40,807929472
02-Apr-2015,6809.50,6833.46,6849.91,6801.27,593705984
07-Apr-2015,6833.46,6961.77,6967.69,6833.46,725880768
08-Apr-2015,6961.77,6937.41,7012.06,6931.59,892292800
09-Apr-2015,6937.41,7015.36,7016.99,6937.41,716636992
10-Apr-2015,7015.36,7089.77,7095.36,7015.36,825527488
13-Apr-2015,7089.77,7064.30,7089.84,7046.68,610966080
14-Apr-2015,7064.30,7075.26,7086.06,7044.60,690646656
15-Apr-2015,7075.26,7096.78,7111.72,7058.34,744934656
16-Apr-2015,7096.78,7060.45,7119.35,7057.74,773862336
17-Apr-2015,7060.45,6994.63,7093.52,6979.32,798607680
20-Apr-2015,6994.63,7052.13,7067.84,6994.63,600866560
21-Apr-2015,7052.13,7062.93,7105.13,7030.00,674220352
22-Apr-2015,7062.93,7028.24,7092.34,6997.15,807535296
23-Apr-2015,7028.24,7053.67,7055.15,6995.79,734999296
24-Apr-2015,7053.67,7070.70,7102.59,7051.17,819661824
27-Apr-2015,7070.70,7103.98,7122.74,7025.27,699217152
28-Apr-2015,7103.98,7030.53,7103.99,6983.97,818269824
29-Apr-2015,7030.53,6946.28,7058.19,6945.56,789314304
30-Apr-2015,6946.28,6960.63,6970.34,6906.24,931503872
01-May-2015,6960.63,6985.95,6995.41,6919.39,861513536
05-May-2015,6985.95,6927.58,7053.18,6927.58,1049123072
06-May-2015,6927.58,6933.74,6974.82,6913.46,909043584
07-May-2015,6933.74,6886.95,6933.74,6810.05,969964288
08-May-2015,6886.95,7046.82,7046.82,6885.79,1425609856
11-May-2015,7046.82,7029.85,7083.72,7025.17,815146752
12-May-2015,7029.85,6933.80,7029.85,6887.52,864625920
13-May-2015,6933.80,6949.63,6989.91,6920.65,818861632
14-May-2015,6949.63,6973.04,6977.93,6884.63,618618560
15-May-2015,6973.04,6960.49,7009.41,6937.12,721389888
18-May-2015,6960.49,6968.87,7015.49,6931.64,631677056
19-May-2015,6968.87,6995.10,7011.35,6968.87,798973504
20-May-2015,6995.10,7007.26,7018.70,6962.06,849516800
21-May-2015,7007.26,7013.47,7026.01,6994.26,580100800
22-May-2015,7013.47,7031.72,7061.66,7013.47,638162944
26-May-2015,7031.72,6948.99,7039.55,6930.28,690778816
27-May-2015,6948.99,7033.33,7054.14,6948.62,666337344
28-May-2015,7033.33,7040.92,7049.62,7005.88,623051904
29-May-2015,7040.92,6984.43,7069.93,6967.92,1210376832
01-Jun-2015,6984.43,6953.58,7037.58,6942.66,714765824
02-Jun-2015,6953.58,6928.27,6972.25,6872.12,887651008
03-Jun-2015,6928.27,6950.46,6985.69,6901.79,722256384
04-Jun-2015,6950.46,6859.24,6950.46,6838.95,807839168
05-Jun-2015,6859.24,6804.60,6859.24,6785.15,777843840
08-Jun-2015,6804.60,6790.04,6827.16,6781.66,555747072
09-Jun-2015,6790.04,6753.80,6803.75,6736.88,702828864
10-Jun-2015,6753.80,6830.27,6843.57,6734.15,843902016
11-Jun-2015,6830.27,6846.74,6870.19,6807.29,699560896
12-Jun-2015,6846.74,6784.92,6846.74,6760.06,610388160
15-Jun-2015,6784.92,6710.52,6784.92,6708.50,574223872
16-Jun-2015,6710.52,6710.10,6723.49,6656.90,740097344
17-Jun-2015,6710.10,6680.55,6731.54,6665.95,706467776
18-Jun-2015,6680.55,6707.88,6707.88,6625.16,797213056
19-Jun-2015,6707.88,6710.45,6759.29,6691.82,1273130496
22-Jun-2015,6710.45,6825.67,6825.67,6710.45,772664320
23-Jun-2015,6825.67,6834.87,6856.49,6825.67,598079360
24-Jun-2015,6834.87,6844.80,6873.43,6834.32,688925504
25-Jun-2015,6844.80,6807.82,6869.04,6798.80,675601920
26-Jun-2015,6807.82,6753.70,6807.82,6731.13,613762496
29-Jun-2015,6753.70,6620.48,6753.70,6598.64,785736640
30-Jun-2015,6620.48,6520.98,6620.75,6520.98,908493760
01-Jul-2015,6520.98,6608.59,6637.34,6520.98,814008704
02-Jul-2015,6608.59,6630.47,6647.70,6600.37,608682176
03-Jul-2015,6630.47,6585.78,6630.75,6572.46,462884672
06-Jul-2015,6585.78,6535.68,6585.78,6506.71,629530816
07-Jul-2015,6535.68,6432.21,6543.80,6432.21,789934592
08-Jul-2015,6432.21,6490.70,6515.06,6430.36,940950976
09-Jul-2015,6490.70,6581.63,6594.18,6490.70,788632192
10-Jul-2015,6581.63,6673.38,6687.57,6581.63,720746752
13-Jul-2015,6673.38,6737.95,6743.05,6673.38,661871360
14-Jul-2015,6737.95,6753.75,6753.75,6710.62,595318464
15-Jul-2015,6753.75,6753.75,6775.91,6728.49,566433856
16-Jul-2015,6753.75,6796.45,6805.14,6752.09,605230336
17-Jul-2015,6796.45,6775.08,6799.78,6764.80,602032768
20-Jul-2015,6775.08,6788.69,6813.41,6772.09,431752512
21-Jul-2015,6788.69,6769.07,6800.13,6758.75,573510144
22-Jul-2015,6769.07,6667.34,6769.07,6653.39,714924416
23-Jul-2015,6667.34,6655.01,6711.49,6644.85,651242304
24-Jul-2015,6655.01,6579.81,6684.81,6573.96,664735360
27-Jul-2015,6579.81,6505.13,6589.48,6495.67,686741952
28-Jul-2015,6505.13,6555.28,6569.45,6505.13,730871168
29-Jul-2015,6555.28,6631.00,6634.04,6555.28,845403840
30-Jul-2015,6631.00,6668.87,6697.40,6631.00,802151552
31-Jul-2015,6668.87,6696.28,6705.42,6646.26,958422656
03-Aug-2015,6696.28,6688.62,6710.79,6668.18,700912704
04-Aug-2015,6688.62,6686.57,6715.51,6644.65,1441824000
05-Aug-2015,6686.57,6752.41,6764.82,6686.57,873472064
06-Aug-2015,6752.41,6747.09,6763.34,6717.49,713003584
07-Aug-2015,6747.09,6718.49,6754.77,6718.49,614006080
10-Aug-2015,6718.49,6736.22,6751.49,6653.65,789153024
11-Aug-2015,6736.22,6664.54,6736.22,6663.98,727572096
12-Aug-2015,6664.54,6571.19,6664.54,6536.41,1118527488
13-Aug-2015,6571.19,6568.33,6634.71,6553.45,689587904
14-Aug-2015,6568.33,6550.74,6603.17,6544.42,595476288
17-Aug-2015,6550.74,6550.30,6585.88,6507.76,485854144
18-Aug-2015,6550.30,6526.29,6564.55,6505.69,554998656
19-Aug-2015,6526.29,6403.45,6526.52,6403.45,719579136
20-Aug-2015,6403.45,6367.89,6408.61,6359.71,750762880
21-Aug-2015,6367.89,6187.65,6367.89,6187.65,832209920
24-Aug-2015,6187.65,5898.87,6187.65,5768.22,1708521984
25-Aug-2015,5898.87,6081.34,6115.74,5898.87,1377241472
26-Aug-2015,6081.34,5979.20,6095.05,5949.94,1021773056
27-Aug-2015,5979.20,6192.03,6212.48,5979.20,1059861568
28-Aug-2015,6192.03,6247.94,6247.94,6152.01,895702784
01-Sep-2015,6247.94,6058.54,6247.94,6028.71,1032091328
02-Sep-2015,6058.54,6083.31,6161.68,6021.36,778016128
03-Sep-2015,6083.31,6194.10,6215.74,6083.31,758474304
04-Sep-2015,6194.10,6042.92,6194.10,6040.49,766156800
07-Sep-2015,6042.92,6074.52,6125.67,6042.92,479134496
08-Sep-2015,6074.52,6146.10,6196.47,6074.52,685131712
09-Sep-2015,6146.10,6229.01,6284.17,6146.10,756977152
10-Sep-2015,6229.01,6155.81,6229.01,6127.52,772718336
11-Sep-2015,6155.81,6117.76,6174.28,6113.10,584620928
14-Sep-2015,6117.76,6084.59,6191.82,6065.43,617180352
15-Sep-2015,6084.59,6137.60,6158.08,6019.92,728373184
16-Sep-2015,6137.60,6229.21,6244.94,6137.60,844324544
17-Sep-2015,6229.21,6186.99,6239.86,6182.63,861345664
18-Sep-2015,6186.99,6104.11,6188.74,6053.87,1553063424
21-Sep-2015,6104.11,6108.71,6168.74,6083.64,719110976
22-Sep-2015,6108.71,5935.84,6111.57,5935.84,970780544
23-Sep-2015,5935.84,6032.24,6067.56,5933.23,748152320
24-Sep-2015,6032.24,5961.49,6055.64,5947.19,894318848
25-Sep-2015,5961.49,6109.01,6120.67,5961.49,863421888
28-Sep-2015,6109.01,5958.86,6110.31,5958.86,997742144
29-Sep-2015,5958.86,5909.24,5958.86,5877.08,1030460544
30-Sep-2015,5909.24,6061.61,6061.61,5909.24,1050457664
01-Oct-2015,6061.61,6072.47,6172.78,6053.26,873579584
02-Oct-2015,6072.47,6129.98,6176.20,6051.62,888461056
05-Oct-2015,6129.98,6298.92,6301.05,6129.98,890099328
06-Oct-2015,6298.92,6326.16,6343.71,6255.10,737901824
07-Oct-2015,6326.16,6336.35,6396.34,6319.77,1012950528
08-Oct-2015,6336.35,6374.82,6380.30,6303.46,742310208
09-Oct-2015,6374.82,6416.16,6453.22,6374.82,768195904
12-Oct-2015,6416.16,6371.18,6416.16,6351.34,552277056
13-Oct-2015,6371.18,6342.28,6371.18,6303.02,722568512
14-Oct-2015,6342.28,6269.61,6342.28,6268.29,638445312
15-Oct-2015,6269.61,6338.67,6351.43,6269.61,644982656
16-Oct-2015,6338.67,6378.04,6398.23,6338.67,610628096
19-Oct-2015,6378.04,6352.33,6408.09,6336.27,476841504
20-Oct-2015,6352.33,6345.13,6367.75,6319.25,592197376
21-Oct-2015,6345.13,6348.42,6387.29,6316.30,615203648
22-Oct-2015,6348.42,6376.28,6387.28,6321.65,740616704
23-Oct-2015,6376.28,6444.08,6487.89,6376.28,749535488
26-Oct-2015,6444.08,6417.02,6453.00,6405.38,454684928
27-Oct-2015,6417.02,6365.27,6419.62,6365.27,564355584
28-Oct-2015,6365.27,6437.80,6448.46,6355.78,819718080
29-Oct-2015,6437.80,6395.80,6437.85,6358.16,852187904
30-Oct-2015,6395.80,6361.09,6410.28,6337.65,737495296
02-Nov-2015,6361.09,6361.80,6364.42,6317.29,522271616
03-Nov-2015,6361.80,6383.61,6383.61,6344.70,627795072
04-Nov-2015,6383.61,6412.88,6459.46,6383.04,782758720
05-Nov-2015,6412.88,6364.90,6421.81,6358.12,722038912
06-Nov-2015,6364.90,6353.83,6395.19,6332.73,733580032
09-Nov-2015,6353.83,6295.16,6380.42,6292.05,677936384
10-Nov-2015,6295.16,6275.28,6329.69,6250.31,748092672
11-Nov-2015,6275.28,6297.20,6327.16,6272.69,636988096
12-Nov-2015,6297.20,6178.68,6300.90,6178.68,852482944
13-Nov-2015,6178.68,6118.28,6178.95,6088.76,702653696
16-Nov-2015,6118.28,6146.38,6161.90,6079.79,621592768
17-Nov-2015,6146.38,6268.76,6269.44,6146.38,719057920
18-Nov-2015,6268.76,6278.97,6283.90,6228.15,634118016
19-Nov-2015,6278.97,6329.93,6366.85,6278.97,772698304
20-Nov-2015,6329.93,6334.63,6360.73,6311.76,832318848
23-Nov-2015,6334.63,6305.49,6334.63,6267.05,603424192
24-Nov-2015,6305.49,6277.23,6305.49,6221.33,880473152
25-Nov-2015,6277.23,6337.64,6348.05,6277.23,694080960
26-Nov-2015,6337.64,6393.13,6395.33,6333.92,467828640
27-Nov-2015,6393.13,6375.15,6393.13,6345.30,486354560
30-Nov-2015,6375.15,6356.09,6387.11,6329.92,855366912
01-Dec-2015,6356.09,6395.65,6402.36,6356.09,809013824
02-Dec-2015,6395.65,6420.93,6447.34,6395.20,583605376
03-Dec-2015,6420.93,6275.00,6444.72,6275.00,817893568
04-Dec-2015,6275.00,6238.29,6277.59,6219.50,683041088
07-Dec-2015,6238.29,6223.52,6287.23,6215.17,559026368
08-Dec-2015,6223.52,6135.22,6224.86,6120.68,814469760
09-Dec-2015,6135.22,6126.68,6175.75,6101.22,775106048
10-Dec-2015,6126.68,6088.05,6127.09,6079.96,864003456
11-Dec-2015,6088.05,5952.78,6088.05,5949.84,830911168
14-Dec-2015,5952.78,5874.06,6009.92,5871.88,805174784
15-Dec-2015,5874.06,6017.79,6036.68,5874.06,836321344
16-Dec-2015,6017.79,6061.19,6089.31,6016.25,773625664
17-Dec-2015,6061.19,6102.54,6160.78,6061.19,747548992
18-Dec-2015,6102.54,6052.42,6105.57,6051.74,1357378048
21-Dec-2015,6052.42,6034.84,6113.96,6034.84,561857152
22-Dec-2015,6034.84,6083.10,6090.58,6031.82,437446816
23-Dec-2015,6083.10,6240.98,6248.50,6083.10,596525824
24-Dec-2015,6240.98,6254.64,6259.86,6236.85,112218248
29-Dec-2015,6254.64,6314.57,6314.57,6245.24,462310976
30-Dec-2015,6314.57,6274.05,6314.57,6261.48,337956160
31-Dec-2015,6274.05,6242.32,6278.31,6233.03,166212096
04-Jan-2016,6242.32,6093.43,6242.32,6071.01,707039808
05-Jan-2016,6093.43,6137.24,6166.26,6079.23,643358720
06-Jan-2016,6137.24,6073.38,6137.24,6018.65,721605824
07-Jan-2016,6073.38,5954.08,6073.38,5887.97,1086923136
08-Jan-2016,5954.08,5912.44,6013.38,5912.44,835014656
11-Jan-2016,5912.44,5871.83,5941.93,5871.83,841792320
12-Jan-2016,5871.83,5929.24,5985.80,5866.67,831687680
13-Jan-2016,5929.24,5960.97,6011.13,5929.24,834538368
14-Jan-2016,5960.97,5918.23,5960.97,5829.26,1100081152
15-Jan-2016,5918.23,5804.10,5934.62,5769.23,1117874304
18-Jan-2016,5804.10,5779.92,5852.09,5766.50,741112768
19-Jan-2016,5779.92,5876.80,5915.69,5779.92,833709248
20-Jan-2016,5876.80,5673.58,5876.80,5639.88,1067064320
21-Jan-2016,5673.58,5773.79,5781.24,5659.15,1121492992
22-Jan-2016,5773.79,5900.01,5926.94,5773.79,906980352
25-Jan-2016,5900.01,5877.00,5933.47,5851.83,828614016
26-Jan-2016,5877.00,5911.46,5919.17,5771.37,878645248
27-Jan-2016,5911.46,5990.37,5990.37,5870.75,902088768
28-Jan-2016,5990.37,5931.78,6020.54,5889.37,918443776
29-Jan-2016,5931.78,6083.79,6083.79,5931.78,1018714816
01-Feb-2016,6083.79,6060.10,6115.11,5993.84,833652800
02-Feb-2016,6060.10,5922.01,6060.45,5889.60,1016041280
03-Feb-2016,5922.01,5837.14,5924.58,5791.04,1026997696
04-Feb-2016,5837.14,5898.76,5938.12,5831.12,1053264448
05-Feb-2016,5898.76,5848.06,5945.90,5839.36,983577536
08-Feb-2016,5848.06,5689.36,5882.43,5666.13,995838784
09-Feb-2016,5689.36,5632.19,5739.25,5596.26,1146899968
10-Feb-2016,5632.19,5672.30,5712.78,5616.88,994634112
11-Feb-2016,5672.30,5536.97,5672.30,5499.51,1068192384
12-Feb-2016,5536.97,5707.60,5707.60,5536.97,1083570688
15-Feb-2016,5707.60,5824.28,5844.53,5707.60,724655808
16-Feb-2016,5824.28,5862.17,5880.72,5812.49,771089216
17-Feb-2016,5862.17,6030.32,6030.32,5862.17,946182656
18-Feb-2016,6030.32,5971.95,6036.46,5948.25,809867008
19-Feb-2016,5971.95,5950.23,6001.22,5916.26,692900672
22-Feb-2016,5950.23,6037.73,6065.81,5950.23,637270336
23-Feb-2016,6037.73,5962.31,6037.73,5954.18,747386240
24-Feb-2016,5962.31,5867.18,5966.73,5845.55,834667968
25-Feb-2016,5867.18,6012.81,6028.97,5867.18,999935360
26-Feb-2016,6012.81,6096.01,6115.37,6012.81,858937600
29-Feb-2016,6096.01,6097.09,6104.98,6033.21,941693312
01-Mar-2016,6097.09,6152.88,6153.75,6070.51,933626240
02-Mar-2016,6152.88,6147.06,6194.01,6097.77,904552256
03-Mar-2016,6147.06,6130.46,6173.70,6108.35,902823168
04-Mar-2016,6130.46,6199.43,6204.14,6130.46,866051264
07-Mar-2016,6199.43,6182.40,6216.10,6125.64,817955904
08-Mar-2016,6182.40,6125.44,6182.45,6101.89,913489600
09-Mar-2016,6125.44,6146.32,6174.82,6118.23,758318464
10-Mar-2016,6146.32,6036.70,6203.40,6036.70,1056246912
11-Mar-2016,6036.70,6139.79,6150.88,6036.70,721703680
14-Mar-2016,6139.79,6174.57,6197.83,6139.79,688585088
15-Mar-2016,6174.57,6139.97,6174.57,6114.77,700313280
16-Mar-2016,6139.97,6175.49,6186.18,6134.27,700761344
17-Mar-2016,6175.49,6201.12,6220.02,6125.70,832614400
18-Mar-2016,6201.12,6189.64,6237.02,6186.24,1129194880
21-Mar-2016,6189.64,6184.58,6215.30,6154.12,532073696
22-Mar-2016,6184.58,6192.74,6193.47,6110.39,738984448
23-Mar-2016,6192.74,6199.11,6216.76,6171.13,621495488
24-Mar-2016,6199.11,6106.48,6199.11,6090.03,625282176
29-Mar-2016,6106.48,6105.90,6156.67,6070.77,596325504
30-Mar-2016,6105.90,6203.17,6221.80,6105.90,803808896
31-Mar-2016,6203.17,6174.90,6203.39,6149.82,746399616
01-Apr-2016,6174.90,6146.05,6174.90,6076.89,747479040
04-Apr-2016,6146.05,6164.72,6201.95,6132.90,546684672
05-Apr-2016,6164.72,6091.23,6164.74,6061.85,826019200
06-Apr-2016,6091.23,6161.63,6161.63,6091.23,738661312
07-Apr-2016,6161.63,6136.89,6204.11,6119.38,761729920
08-Apr-2016,6136.89,6204.41,6216.28,6136.89,622108992
11-Apr-2016,6204.41,6200.12,6229.66,6165.46,552586496
12-Apr-2016,6200.12,6242.39,6248.27,6176.28,690137664
13-Apr-2016,6242.39,6362.89,6362.89,6242.39,957136064
14-Apr-2016,6362.89,6365.10,6373.93,6335.40,853106432
15-Apr-2016,6365.10,6343.75,6372.52,6328.19,780841664
18-Apr-2016,6343.75,6353.52,6354.88,6261.71,613394432
19-Apr-2016,6353.52,6405.35,6418.25,6353.49,808478336
20-Apr-2016,6405.35,6410.26,6421.91,6367.36,814753152
21-Apr-2016,6410.26,6381.44,6427.32,6352.93,831612224
22-Apr-2016,6381.44,6310.44,6381.58,6289.34,675930048
25-Apr-2016,6310.44,6260.92,6324.60,6249.34,688678400
26-Apr-2016,6260.92,6284.52,6297.88,6260.92,776811840
27-Apr-2016,6284.52,6319.91,6319.91,6255.20,822002560
28-Apr-2016,6319.91,6322.40,6322.40,6224.47,861757056
29-Apr-2016,6322.40,6241.89,6322.40,6241.89,865553792
03-May-2016,6241.89,6185.59,6270.03,6159.86,895079360
04-May-2016,6185.59,6112.02,6185.59,6100.76,775559872
05-May-2016,6112.02,6117.25,6152.59,6102.29,713174080
06-May-2016,6117.25,6125.70,6129.90,6054.74,720311488
09-May-2016,6125.70,6114.81,6177.60,6108.37,669494912
10-May-2016,6114.81,6156.65,6180.19,6114.81,652991808
11-May-2016,6156.65,6162.49,6172.72,6131.22,573062272
12-May-2016,6162.49,6104.19,6193.21,6094.14,698762368
13-May-2016,6104.19,6138.50,6138.50,6060.10,646363008
16-May-2016,6138.50,6151.40,6157.24,6092.21,445329472
17-May-2016,6151.40,6167.77,6215.88,6147.16,758810688
18-May-2016,6167.77,6165.80,6169.33,6115.99,887529472
19-May-2016,6165.80,6053.35,6165.80,6050.21,936494720
20-May-2016,6053.35,6156.32,6156.50,6053.35,780582656
23-May-2016,6156.32,6136.43,6173.06,6122.57,652995008
24-May-2016,6136.43,6219.26,6231.85,6109.58,833810560
25-May-2016,6219.26,6262.85,6270.25,6219.26,870436672
26-May-2016,6262.85,6265.65,6281.73,6243.49,665573248
27-May-2016,6265.65,6270.79,6275.90,6250.27,577101184
31-May-2016,6270.79,6230.79,6290.07,6230.11,1329032960
01-Jun-2016,6230.79,6191.93,6233.18,6151.90,887235456
02-Jun-2016,6191.93,6185.61,6220.27,6173.05,892214656
03-Jun-2016,6185.61,6209.63,6251.74,6168.19,660659904
06-Jun-2016,6209.63,6273.40,6301.56,6209.63,732583744
07-Jun-2016,6273.40,6284.53,6322.60,6273.40,690004544
08-Jun-2016,6284.53,6301.52,6304.51,6263.80,663109632
09-Jun-2016,6301.52,6231.89,6301.73,6229.07,668485568
10-Jun-2016,6231.89,6115.76,6231.89,6097.24,748337536
13-Jun-2016,6115.76,6044.97,6115.76,6044.97,852838848
14-Jun-2016,6044.97,5923.53,6044.97,5921.72,983517440
15-Jun-2016,5923.53,5966.80,6007.49,5923.39,868079040
16-Jun-2016,5966.80,5950.48,5966.80,5899.97,815955520
17-Jun-2016,5950.48,6021.09,6046.10,5950.48,1313196800
20-Jun-2016,6021.09,6204.00,6236.53,6021.09,1008127616
21-Jun-2016,6204.00,6226.55,6250.19,6156.23,841884608
22-Jun-2016,6226.55,6261.19,6315.62,6222.01,884650432
23-Jun-2016,6261.19,6338.10,6380.58,6261.19,915162048
24-Jun-2016,6338.10,6138.69,6338.55,5788.74,3877630208
27-Jun-2016,6138.69,5982.20,6138.69,5958.66,2505591552
28-Jun-2016,5982.20,6140.39,6170.26,5982.20,1593184512
29-Jun-2016,6140.39,6360.06,6360.06,6140.39,1503484928
30-Jun-2016,6360.06,6504.33,6504.33,6309.98,1557288448
01-Jul-2016,6504.33,6577.83,6587.44,6498.56,1099083136
04-Jul-2016,6577.83,6522.26,6612.13,6514.81,748239552
05-Jul-2016,6522.26,6545.37,6561.58,6472.25,1177409536
06-Jul-2016,6545.37,6463.59,6580.32,6432.47,1614466304
07-Jul-2016,6463.59,6533.79,6579.25,6463.59,1048933824
08-Jul-2016,6533.79,6590.64,6605.83,6515.24,937835200
11-Jul-2016,6590.64,6682.86,6695.07,6590.64,968085632
12-Jul-2016,6682.86,6680.69,6703.09,6663.66,1147709696
13-Jul-2016,6680.69,6670.40,6717.17,6654.64,1060124096
14-Jul-2016,6670.40,6654.47,6743.42,6648.40,924135488
15-Jul-2016,6654.47,6669.24,6669.24,6616.51,839245312
18-Jul-2016,6669.24,6695.42,6715.58,6653.67,877873728
19-Jul-2016,6695.42,6697.37,6711.69,6660.87,634735040
20-Jul-2016,6697.37,6728.99,6736.57,6694.36,767731136
21-Jul-2016,6728.99,6699.89,6732.07,6694.52,809665088
22-Jul-2016,6699.89,6730.48,6735.94,6663.72,716108864
25-Jul-2016,6730.48,6710.13,6756.13,6691.03,682039936
26-Jul-2016,6710.13,6724.03,6744.80,6708.58,737762368
27-Jul-2016,6724.03,6750.43,6780.05,6723.71,786512128
28-Jul-2016,6750.43,6721.06,6762.72,6718.90,1204906624
29-Jul-2016,6721.06,6724.43,6740.47,6691.13,921702720
01-Aug-2016,6724.43,6693.95,6769.41,6678.45,727709696
02-Aug-2016,6693.95,6645.40,6694.14,6630.76,822027904
03-Aug-2016,6645.40,6634.40,6673.63,6621.42,797079424
04-Aug-2016,6634.40,6740.16,6749.67,6615.83,1004816448
05-Aug-2016,6740.16,6793.47,6802.41,6738.57,880798016
08-Aug-2016,6793.47,6809.13,6829.47,6781.47,754483520
09-Aug-2016,6809.13,6851.30,6863.10,6807.76,869225472
10-Aug-2016,6851.30,6866.42,6866.42,6820.04,736642624
11-Aug-2016,6866.42,6914.71,6914.71,6812.73,758067200
12-Aug-2016,6914.71,6916.02,6931.04,6896.04,686768960
15-Aug-2016,6916.02,6941.19,6955.34,6907.17,551501760
16-Aug-2016,6941.19,6893.92,6941.19,6893.92,643222080
17-Aug-2016,6893.92,6859.15,6920.76,6849.90,716287168
18-Aug-2016,6859.15,6868.96,6893.35,6850.61,579272832
19-Aug-2016,6868.96,6858.95,6871.48,6840.94,702478976
22-Aug-2016,6858.95,6828.54,6884.61,6812.07,616674240
23-Aug-2016,6828.54,6868.51,6885.39,6828.54,722018624
24-Aug-2016,6868.51,6835.78,6868.51,6825.22,748048448
25-Aug-2016,6835.78,6816.90,6836.22,6779.15,657666624
26-Aug-2016,6816.90,6838.05,6857.29,6798.82,532511200
30-Aug-2016,6838.05,6820.79,6851.83,6808.07,740882240
31-Aug-2016,6820.79,6781.51,6832.89,6779.54,942416704
01-Sep-2016,6781.51,6745.97,6826.22,6723.21,991756480
02-Sep-2016,6745.97,6894.60,6928.25,6745.97,1183816448
05-Sep-2016,6894.60,6879.42,6910.66,6867.08,557444736
06-Sep-2016,6879.42,6826.05,6887.92,6818.96,687092736
07-Sep-2016,6826.05,6846.58,6856.12,6814.87,938657024
08-Sep-2016,6846.58,6858.70,6889.64,6819.82,807433152
09-Sep-2016,6858.70,6776.95,6862.38,6762.30,792448320
12-Sep-2016,6776.95,6700.90,6776.95,6654.48,887966080
13-Sep-2016,6700.90,6665.63,6724.74,6665.63,864674368
14-Sep-2016,6665.63,6673.31,6720.29,6665.63,694096896
15-Sep-2016,6673.31,6730.30,6736.84,6654.82,770118400
16-Sep-2016,6730.30,6710.28,6746.29,6692.73,1387758976
19-Sep-2016,6710.28,6813.55,6813.95,6710.28,706086144
20-Sep-2016,6813.55,6830.79,6869.10,6798.02,715567616
21-Sep-2016,6830.79,6834.77,6879.81,6830.47,722077760
22-Sep-2016,6834.77,6911.40,6937.33,6834.77,756008512
23-Sep-2016,6911.40,6909.43,6920.23,6882.62,758505472
26-Sep-2016,6909.43,6818.04,6909.63,6806.47,795766976
27-Sep-2016,6818.04,6807.67,6865.45,6768.86,847954240
28-Sep-2016,6807.67,6849.38,6878.21,6807.67,758147328
29-Sep-2016,6849.38,6919.42,6941.09,6849.38,858793984
30-Sep-2016,6919.42,6899.33,6919.42,6809.51,1184141440
03-Oct-2016,6899.33,6983.52,6996.43,6898.09,745408640
04-Oct-2016,6983.52,7074.34,7121.93,6983.52,1451265408
05-Oct-2016,7074.34,7033.25,7076.71,7024.13,970155328
06-Oct-2016,7033.25,6999.96,7049.34,6999.96,821124480
07-Oct-2016,6999.96,7044.39,7079.25,6999.96,1399305984
10-Oct-2016,7044.39,7097.50,7104.49,7024.08,874460288
11-Oct-2016,7097.50,7070.88,7129.83,7061.36,982758400
12-Oct-2016,7070.88,7024.01,7079.42,7015.76,937585728
13-Oct-2016,7024.01,6977.74,7024.01,6930.04,1041284480
14-Oct-2016,6977.74,7013.55,7055.18,6977.74,871488064
17-Oct-2016,7013.55,6947.55,7013.55,6937.43,726907712
18-Oct-2016,6947.55,7000.06,7033.02,6946.39,795344896
19-Oct-2016,7000.06,7021.92,7031.20,6975.92,822855040
20-Oct-2016,7021.92,7026.90,7047.55,6998.84,843408256
21-Oct-2016,7026.90,7020.47,7058.39,7011.09,757845952
24-Oct-2016,7020.47,6986.40,7067.34,6983.40,677603136
25-Oct-2016,6986.40,7017.64,7067.23,6985.92,861001664
26-Oct-2016,7017.64,6958.09,7017.64,6917.77,939678912
27-Oct-2016,6958.09,6986.57,7003.93,6924.05,960998912
28-Oct-2016,6986.57,6996.26,7006.43,6927.21,956617728
31-Oct-2016,6996.26,6954.22,6996.26,6945.29,810764160
01-Nov-2016,6954.22,6917.14,6993.79,6903.61,780871680
02-Nov-2016,6917.14,6845.42,6917.14,6845.42,773026944
03-Nov-2016,6845.42,6790.51,6873.21,6790.51,1083904640
04-Nov-2016,6790.51,6693.26,6790.52,6676.56,875842560
07-Nov-2016,6693.26,6806.90,6806.90,6693.26,862189568
08-Nov-2016,6806.90,6843.13,6849.31,6795.06,832262272
09-Nov-2016,6843.13,6911.84,6911.84,6696.33,1364272128
10-Nov-2016,6911.84,6827.98,6997.25,6799.05,1743939968
11-Nov-2016,6827.98,6730.43,6849.04,6709.72,1111948288
14-Nov-2016,6730.43,6753.18,6814.19,6730.43,1053182144
15-Nov-2016,6753.18,6792.74,6820.52,6753.18,1157847680
16-Nov-2016,6792.74,6749.72,6810.53,6735.69,877277184
17-Nov-2016,6749.72,6794.71,6798.75,6745.08,826252544
18-Nov-2016,6794.71,6775.77,6811.62,6740.34,866733760
21-Nov-2016,6775.77,6777.96,6820.90,6754.16,781768192
22-Nov-2016,6777.96,6819.72,6851.37,6777.96,896754240
23-Nov-2016,6819.72,6817.71,6880.74,6779.45,796849344
24-Nov-2016,6817.71,6829.20,6831.23,6790.69,491417056
25-Nov-2016,6829.20,6840.75,6852.14,6818.12,477446720
28-Nov-2016,6840.75,6799.47,6840.96,6769.77,709613440
29-Nov-2016,6799.47,6772.00,6800.91,6729.36,772231424
30-Nov-2016,6772.00,6783.79,6845.74,6765.23,1335959040
01-Dec-2016,6783.79,6752.93,6789.30,6688.41,966722048
02-Dec-2016,6752.93,6730.72,6752.93,6678.74,708402944
05-Dec-2016,6730.72,6746.83,6799.50,6697.65,814970752
06-Dec-2016,6746.83,6779.84,6785.32,6723.05,871399872
07-Dec-2016,6779.84,6902.23,6902.23,6779.84,1161379200
08-Dec-2016,6902.23,6931.55,6937.51,6892.17,1050874880
09-Dec-2016,6931.55,6954.21,6962.25,6929.46,827888896
12-Dec-2016,6954.21,6890.42,6976.78,6875.43,946227392
13-Dec-2016,6890.42,6968.57,6977.99,6877.52,930147392
14-Dec-2016,6968.57,6949.19,6970.52,6941.95,1001301312
15-Dec-2016,6949.19,6999.01,7010.48,6925.88,1097379968
16-Dec-2016,6999.01,7011.64,7038.43,6990.35,1145888896
19-Dec-2016,7011.64,7017.16,7025.74,6986.44,645405504
20-Dec-2016,7017.16,7043.96,7045.22,6992.62,744314624
21-Dec-2016,7043.96,7041.42,7056.98,7025.68,618985920
22-Dec-2016,7041.42,7063.68,7063.68,7020.13,483157728
23-Dec-2016,7063.68,7068.17,7071.11,7054.64,191916816
28-Dec-2016,7068.17,7106.08,7109.37,7060.85,470721344
29-Dec-2016,7106.08,7120.26,7120.26,7074.47,395484896
30-Dec-2016,7120.26,7142.83,7142.83,7087.54,326494752
03-Jan-2017,7142.83,7177.89,7205.45,7142.83,820156480
04-Jan-2017,7177.89,7189.74,7189.74,7168.77,764960384
05-Jan-2017,7189.74,7195.31,7211.96,7172.77,792495936
06-Jan-2017,7195.31,7210.05,7210.05,7180.64,715797632
09-Jan-2017,7210.05,7237.77,7243.76,7207.40,727357056
10-Jan-2017,7237.77,7275.47,7284.81,7237.29,961632768
11-Jan-2017,7275.47,7290.49,7328.51,7257.15,905706944
12-Jan-2017,7290.49,7292.37,7302.34,7263.42,857070720
13-Jan-2017,7292.37,7337.81,7338.49,7292.37,836373376
16-Jan-2017,7337.81,7327.13,7354.14,7320.47,633685248
17-Jan-2017,7327.13,7220.38,7329.27,7220.38,879089024
18-Jan-2017,7220.38,7247.61,7260.47,7218.41,820140224
19-Jan-2017,7247.61,7208.44,7249.63,7191.67,771560320
20-Jan-2017,7208.44,7198.44,7221.01,7193.73,819057024
23-Jan-2017,7198.44,7151.18,7198.44,7131.46,736249408
24-Jan-2017,7151.18,7150.34,7190.15,7144.44,1104235648
25-Jan-2017,7150.34,7164.43,7205.68,7150.34,1020530560
26-Jan-2017,7164.43,7161.49,7184.75,7151.34,933652736
27-Jan-2017,7161.49,7184.49,7184.73,7150.76,903574784
30-Jan-2017,7184.49,7118.48,7184.70,7105.67,915510912
31-Jan-2017,7118.48,7099.15,7162.53,7099.15,983514048
01-Feb-2017,7099.15,7107.65,7170.24,7099.15,809586752
02-Feb-2017,7107.65,7140.75,7163.94,7093.57,907248256
03-Feb-2017,7140.75,7188.30,7202.37,7133.63,810153472
06-Feb-2017,7188.30,7172.15,7208.73,7165.17,633430016
07-Feb-2017,7172.15,7186.22,7227.22,7159.57,781992384
08-Feb-2017,7186.22,7188.82,7195.94,7147.18,963767872
09-Feb-2017,7188.82,7229.50,7238.74,7183.14,805918976
10-Feb-2017,7229.50,7258.75,7274.80,7229.45,902731648
13-Feb-2017,7258.75,7278.92,7298.47,7257.67,665375552
14-Feb-2017,7278.92,7268.56,7292.65,7251.81,768348288
15-Feb-2017,7268.56,7302.41,7313.44,7268.56,738317376
16-Feb-2017,7302.41,7277.92,7302.41,7260.74,705210816
17-Feb-2017,7277.92,7299.96,7307.14,7253.16,826112640
20-Feb-2017,7299.96,7299.86,7329.56,7283.29,655523776
21-Feb-2017,7299.86,7274.83,7318.98,7267.49,923876032
22-Feb-2017,7274.83,7302.25,7314.26,7274.71,1181526144
23-Feb-2017,7302.25,7271.37,7310.05,7262.94,1098270848
24-Feb-2017,7271.37,7243.70,7271.86,7192.45,881477376
27-Feb-2017,7243.70,7253.00,7285.19,7239.66,856816576
28-Feb-2017,7253.00,7263.44,7284.20,7246.60,1011426944
01-Mar-2017,7263.44,7382.90,7383.05,7263.44,1067903488
02-Mar-2017,7382.90,7382.35,7394.61,7372.68,955780224
03-Mar-2017,7382.35,7374.26,7382.36,7353.64,876910400
06-Mar-2017,7374.26,7350.12,7374.26,7338.94,758393408
07-Mar-2017,7350.12,7338.99,7363.74,7335.27,870636928
08-Mar-2017,7338.99,7334.61,7354.47,7315.86,893022848
09-Mar-2017,7334.61,7314.96,7336.26,7263.62,1077659776
10-Mar-2017,7314.96,7343.08,7373.00,7314.96,948096320
13-Mar-2017,7343.08,7367.08,7377.41,7342.02,708552128
14-Mar-2017,7367.08,7357.85,7386.17,7339.27,868568512
15-Mar-2017,7357.85,7368.64,7383.33,7357.58,845711424
16-Mar-2017,7368.64,7415.95,7444.62,7368.64,1115239552
17-Mar-2017,7415.95,7424.96,7447.00,7402.64,1562958592
20-Mar-2017,7424.96,7429.81,7433.68,7399.97,629736896
21-Mar-2017,7429.81,7378.34,7440.85,7360.67,873158272
22-Mar-2017,7378.34,7324.72,7378.40,7301.83,932568256
23-Mar-2017,7324.72,7340.71,7346.40,7307.65,807601600
24-Mar-2017,7340.71,7336.82,7351.60,7322.86,652713984
27-Mar-2017,7336.82,7293.50,7336.82,7255.78,802737664
28-Mar-2017,7293.50,7343.42,7349.59,7285.80,815607040
29-Mar-2017,7343.42,7373.72,7373.72,7313.90,802937344
30-Mar-2017,7373.72,7369.52,7384.80,7340.25,784502656
31-Mar-2017,7369.52,7322.92,7369.55,7322.92,986610880
03-Apr-2017,7322.92,7282.69,7350.30,7280.76,768665024
04-Apr-2017,7282.69,7321.82,7324.60,7282.69,810267008
05-Apr-2017,7321.82,7331.68,7362.59,7321.82,772838592
06-Apr-2017,7331.68,7303.20,7331.68,7258.11,912353728
07-Apr-2017,7303.20,7349.37,7349.37,7284.73,804729600
10-Apr-2017,7349.37,7348.94,7359.25,7337.01,689470336
11-Apr-2017,7348.94,7365.50,7406.35,7332.59,820051392
12-Apr-2017,7365.50,7348.99,7402.42,7348.84,915887744
13-Apr-2017,7348.99,7327.59,7348.99,7298.85,738070336
18-Apr-2017,7327.59,7147.50,7327.59,7147.50,1071248448
19-Apr-2017,7147.50,7114.36,7151.18,7114.36,1049682112
20-Apr-2017,7114.36,7118.54,7127.58,7096.83,856400704
21-Apr-2017,7118.54,7114.55,7134.53,7104.22,924442816
24-Apr-2017,7114.55,7264.68,7273.90,7114.55,1058795712
25-Apr-2017,7264.68,7275.64,7290.82,7258.74,861143104
26-Apr-2017,7275.64,7288.72,7302.57,7262.32,887067200
27-Apr-2017,7288.72,7237.17,7289.38,7224.35,1128599168
28-Apr-2017,7237.17,7203.94,7243.31,7197.28,1183128832
02-May-2017,7203.94,7250.05,7254.32,7203.94,939014336
03-May-2017,7250.05,7234.53,7250.05,7218.56,789987328
04-May-2017,7234.53,7248.10,7280.70,7226.07,947127424
05-May-2017,7248.10,7297.43,7297.43,7222.81,908533696
08-May-2017,7297.43,7300.86,7322.32,7285.76,738704448
09-May-2017,7300.86,7342.21,7359.61,7300.86,729068608
10-May-2017,7342.21,7385.24,7398.58,7331.30,848263232
11-May-2017,7385.24,7386.63,7396.19,7369.23,985266560
12-May-2017,7386.63,7435.39,7435.39,7381.74,879034048
15-May-2017,7435.39,7454.37,7460.20,7434.24,855437376
16-May-2017,7454.37,7522.03,7533.70,7452.44,1041247168
17-May-2017,7522.03,7503.47,7532.95,7478.88,1020514304
18-May-2017,7503.47,7436.42,7503.68,7389.26,1012182912
19-May-2017,7436.42,7470.71,7480.28,7436.42,845281664
22-May-2017,7470.71,7496.34,7518.12,7470.71,691512384
23-May-2017,7496.34,7485.29,7521.94,7485.29,699712512
24-May-2017,7485.29,7514.90,7519.58,7475.11,848340608
25-May-2017,7514.90,7517.71,7529.74,7497.07,638439616
26-May-2017,7517.71,7547.63,7554.21,7514.39,797457728
30-May-2017,7547.63,7526.51,7547.65,7497.07,760553024
31-May-2017,7526.51,7519.95,7586.45,7519.68,1888458624
01-Jun-2017,7519.95,7543.77,7558.63,7518.32,884734656
02-Jun-2017,7543.77,7547.63,7598.99,7539.96,823788800
05-Jun-2017,7547.63,7525.76,7562.00,7519.06,623176192
06-Jun-2017,7525.76,7524.95,7527.64,7502.83,867644992
07-Jun-2017,7524.95,7478.62,7555.62,7476.33,901313344
08-Jun-2017,7478.62,7449.98,7489.66,7449.98,893770112
09-Jun-2017,7449.98,7527.33,7545.12,7449.73,1113069568
12-Jun-2017,7527.33,7511.87,7540.53,7483.61,711611264
13-Jun-2017,7511.87,7500.44,7540.05,7491.86,778459328
14-Jun-2017,7500.44,7474.40,7545.07,7474.40,972215168
15-Jun-2017,7474.40,7419.36,7474.51,7377.86,1012895168
16-Jun-2017,7419.36,7463.54,7478.99,7419.36,1947087232
19-Jun-2017,7463.54,7523.81,7537.84,7463.54,480249568
20-Jun-2017,7523.81,7472.71,7561.07,7472.71,663066368
21-Jun-2017,7472.71,7447.79,7477.17,7417.45,663391104
22-Jun-2017,7447.79,7439.29,7448.48,7398.83,579525248
23-Jun-2017,7439.29,7424.13,7441.79,7396.75,504021152
26-Jun-2017,7424.13,7446.80,7480.95,7424.13,475312256
27-Jun-2017,7446.80,7434.36,7451.68,7411.36,554819200
28-Jun-2017,7434.36,7387.80,7445.31,7381.36,726350080
29-Jun-2017,7387.80,7350.32,7451.95,7341.75,802688768
30-Jun-2017,7350.32,7312.72,7377.38,7302.71,707153280
03-Jul-2017,7312.72,7377.09,7386.11,7312.26,598014144
04-Jul-2017,7377.09,7357.23,7383.45,7336.75,454318752
05-Jul-2017,7357.23,7367.60,7386.92,7347.52,736912832
06-Jul-2017,7367.60,7337.28,7373.85,7303.46,628582080
07-Jul-2017,7337.28,7350.92,7359.48,7314.69,570370368
10-Jul-2017,7350.92,7370.03,7388.02,7344.31,491481440
11-Jul-2017,7370.03,7329.76,7386.88,7304.77,544296384
12-Jul-2017,7329.76,7416.93,7439.08,7329.76,632234496
13-Jul-2017,7416.93,7413.44,7428.24,7403.75,745633024
14-Jul-2017,7413.44,7378.39,7419.81,7363.77,502221280
17-Jul-2017,7378.39,7404.13,7426.37,7378.30,443802784
18-Jul-2017,7404.13,7390.22,7418.53,7357.77,472152320
19-Jul-2017,7390.22,7430.91,7442.84,7379.33,476940288
20-Jul-2017,7430.91,7487.87,7502.73,7430.91,578717440
21-Jul-2017,7487.87,7452.91,7515.12,7433.89,580946304
24-Jul-2017,7452.91,7377.73,7453.22,7357.50,852215616
25-Jul-2017,7377.73,7434.82,7453.74,7377.73,610002624
26-Jul-2017,7434.82,7452.32,7487.05,7434.68,598842816
27-Jul-2017,7452.32,7443.01,7461.85,7410.85,648702976
28-Jul-2017,7443.01,7368.37,7443.01,7339.44,642452544
31-Jul-2017,7368.37,7372.00,7425.52,7367.86,777801664
01-Aug-2017,7372.00,7423.66,7440.14,7372.00,579503296
02-Aug-2017,7423.66,7411.43,7434.71,7388.91,595877184
03-Aug-2017,7411.43,7474.77,7484.53,7384.22,598732736
04-Aug-2017,7474.77,7511.71,7519.06,7465.12,556622848
07-Aug-2017,7511.71,7531.94,7533.74,7511.71,437591648
08-Aug-2017,7531.94,7542.73,7551.85,7518.45,478735520
09-Aug-2017,7542.73,7498.06,7542.73,7475.83,595994112
10-Aug-2017,7498.06,7389.94,7498.06,7376.66,604790784
11-Aug-2017,7389.94,7309.96,7389.96,7296.49,593872448
14-Aug-2017,7309.96,7353.89,7377.66,7309.96,433955584
15-Aug-2017,7353.89,7383.85,7399.35,7353.89,419388256
16-Aug-2017,7383.85,7433.03,7444.98,7383.85,474041216
17-Aug-2017,7433.03,7387.87,7433.74,7382.16,490269088
18-Aug-2017,7387.87,7323.98,7387.87,7302.47,565850112
21-Aug-2017,7323.98,7318.88,7331.95,7296.80,414594816
22-Aug-2017,7318.88,7381.74,7387.55,7318.88,533810784
23-Aug-2017,7381.74,7382.65,7394.52,7360.33,483571744
24-Aug-2017,7382.65,7407.06,7437.87,7382.16,584356736
25-Aug-2017,7407.06,7401.46,7439.53,7401.46,409825472
29-Aug-2017,7401.46,7337.43,7401.62,7289.20,592109440
30-Aug-2017,7337.43,7365.26,7381.33,7337.43,558342016
31-Aug-2017,7365.26,7430.62,7443.68,7365.01,671275456
01-Sep-2017,7430.62,7438.50,7460.52,7430.06,471877760
04-Sep-2017,7438.50,7411.47,7438.50,7404.05,301727680
05-Sep-2017,7411.47,7372.92,7437.51,7369.58,457873760
06-Sep-2017,7372.92,7354.13,7372.92,7322.42,550267904
07-Sep-2017,7354.13,7396.98,7412.68,7348.38,494767488
08-Sep-2017,7396.98,7377.60,7396.98,7358.42,479164640
11-Sep-2017,7377.60,7413.59,7434.07,7377.60,470805888
12-Sep-2017,7413.59,7400.69,7435.84,7386.98,603244032
13-Sep-2017,7400.69,7379.70,7401.30,7336.23,603868032
14-Sep-2017,7379.70,7295.39,7390.70,7287.73,883361216
15-Sep-2017,7295.39,7215.47,7295.39,7196.58,1210779008
18-Sep-2017,7215.47,7253.28,7257.45,7215.47,457698016
19-Sep-2017,7253.28,7275.25,7285.67,7243.59,536514880
20-Sep-2017,7275.25,7271.95,7289.93,7249.58,560739584
21-Sep-2017,7271.95,7263.90,7289.16,7260.05,613716480
22-Sep-2017,7263.90,7310.64,7320.28,7242.23,542856768
25-Sep-2017,7310.64,7301.29,7312.45,7272.49,453353216
26-Sep-2017,7301.29,7285.74,7311.82,7273.32,574364096
27-Sep-2017,7285.74,7313.51,7327.50,7285.74,606834496
28-Sep-2017,7313.51,7322.82,7323.33,7289.75,603706432
29-Sep-2017,7322.82,7372.76,7382.67,7321.64,646611584
02-Oct-2017,7372.76,7438.84,7438.84,7372.73,608014464
03-Oct-2017,7438.84,7468.11,7469.82,7426.67,509882720
04-Oct-2017,7468.11,7467.58,7476.33,7456.61,742827840
05-Oct-2017,7467.58,7507.99,7507.99,7464.40,610502720
06-Oct-2017,7507.99,7522.87,7527.72,7507.99,511986208
09-Oct-2017,7522.87,7507.89,7523.65,7493.68,449288096
10-Oct-2017,7507.89,7538.27,7543.88,7504.56,623634752
11-Oct-2017,7538.27,7533.81,7550.17,7519.60,558023360
12-Oct-2017,7533.81,7556.24,7565.11,7526.33,499095648
13-Oct-2017,7556.24,7535.44,7556.24,7521.09,560280064
16-Oct-2017,7535.44,7526.97,7557.00,7526.73,738181504
17-Oct-2017,7526.97,7516.17,7550.44,7506.31,1034333376
18-Oct-2017,7516.17,7542.87,7555.24,7516.17,645990528
19-Oct-2017,7542.87,7523.04,7542.87,7485.42,829977472
20-Oct-2017,7523.04,7523.23,7560.04,7517.07,754063744
23-Oct-2017,7523.23,7524.45,7542.00,7511.77,565724800
24-Oct-2017,7524.45,7526.54,7535.22,7508.50,676605696
25-Oct-2017,7526.54,7447.21,7528.46,7437.42,923680896
26-Oct-2017,7447.21,7486.50,7488.26,7440.11,1023458752
27-Oct-2017,7486.50,7505.03,7520.76,7485.24,872322752
30-Oct-2017,7505.03,7487.81,7507.02,7478.41,751819840
31-Oct-2017,7487.81,7493.08,7516.85,7483.97,731405056
01-Nov-2017,7493.08,7487.96,7532.36,7487.96,1213174144
02-Nov-2017,7487.96,7555.32,7562.26,7478.88,1033964480
03-Nov-2017,7555.32,7560.35,7580.95,7541.91,660688896
06-Nov-2017,7560.35,7562.28,7572.90,7544.20,633452032
07-Nov-2017,7562.28,7513.11,7582.85,7507.83,747728576
08-Nov-2017,7513.11,7529.72,7534.49,7504.77,808188160
09-Nov-2017,7529.72,7484.10,7532.20,7476.89,860767680
10-Nov-2017,7484.10,7432.99,7500.29,7421.73,694860992
13-Nov-2017,7432.99,7415.18,7469.30,7402.95,748466752
14-Nov-2017,7415.18,7414.42,7436.57,7396.92,1093486208
15-Nov-2017,7414.42,7372.61,7415.09,7357.06,912957184
16-Nov-2017,7372.61,7386.94,7393.28,7368.14,874222912
17-Nov-2017,7386.94,7380.68,7406.53,7356.16,728966592
20-Nov-2017,7380.68,7389.46,7397.39,7350.37,582349888
21-Nov-2017,7389.46,7411.34,7422.18,7367.86,665962560
22-Nov-2017,7411.34,7419.02,7460.91,7410.38,802857600
23-Nov-2017,7419.02,7417.24,7422.73,7373.31,549163072
24-Nov-2017,7417.24,7409.64,7425.19,7389.54,490732544
27-Nov-2017,7409.64,7383.90,7438.39,7383.90,608414464
28-Nov-2017,7383.90,7460.65,7469.61,7373.95,853401600
29-Nov-2017,7460.65,7393.56,7460.65,7386.67,1015699648
30-Nov-2017,7393.56,7326.67,7416.26,7326.67,1331548672
01-Dec-2017,7326.67,7300.49,7355.43,7288.73,807399680
